{
    "hip": {
        "q": [
            1.0,
            0.0,
            0.0,
            0.0
        ],
        "eul": [
            0.0,
            -0.0,
            -0.0
        ]
    },
    "head": {
        "q": [
            0.9999938166443545,
            0.003516394661437929,
            -6.668554979462512e-06,
            -3.9964642179516234e-05
        ],
        "eul": [
            0.4029500070325982,
            -0.0007480701678682067,
            -0.004577008441966638
        ]
    },
    "r_upper_arm": {
        "q": [
            0.9972466894587019,
            0.005573869252647815,
            -0.07369660462556353,
            -0.006064883500708641
        ],
        "eul": [
            0.6881943196506277,
            -8.449079183110946,
            -0.6460598652005766
        ]
    },
    "rwrist": {
        "q": [
            0.9961717114235866,
            -0.04662563027154977,
            -0.07327819486838988,
            -0.009913532065485179
        ],
        "eul": [
            -5.246533837828965,
            -8.48427080037055,
            -1.5297664675572262
        ]
    },
    "rhand": {
        "q": [
            0.9961717108149014,
            -0.046625630353896504,
            -0.07327820314308814,
            -0.009913531678189477
        ],
        "eul": [
            -5.246533837828965,
            -8.4842717522251,
            -1.5297664675572262
        ]
    },
    "l_upper_arm": {
        "q": [
            0.9972466894587019,
            0.005573869252647815,
            0.07369660462556353,
            0.006064883500708641
        ],
        "eul": [
            0.6881943196506277,
            8.449079183110946,
            0.6460598652005766
        ]
    },
    "lwrist": {
        "q": [
            0.996171711292644,
            -0.04662562999539228,
            0.07327819630134416,
            0.00991353593021804
        ],
        "eul": [
            -5.246533771245978,
            8.484270985070381,
            1.529766915790482
        ]
    },
    "lhand": {
        "q": [
            0.996171711292644,
            -0.04662562999539228,
            0.07327819630134416,
            0.00991353593021804
        ],
        "eul": [
            -5.246533771245978,
            8.484270985070381,
            1.529766915790482
        ]
    },
    "r_upper_leg": {
        "q": [
            0.9990482215818578,
            0.043619387365336,
            0.0,
            0.0
        ],
        "eul": [
            5.0,
            -0.0,
            -0.0
        ]
    },
    "rfoot": {
        "q": [
            0.9990482215818578,
            0.043619387365335945,
            -4.387548378747551e-09,
            2.1676430866583527e-10
        ],
        "eul": [
            4.999999999999993,
            -5.053037888095146e-07,
            4.692506403572009e-08
        ]
    },
    "l_upper_leg": {
        "q": [
            0.9990482215818578,
            0.043619387365336,
            0.0,
            0.0
        ],
        "eul": [
            5.0,
            -0.0,
            -0.0
        ]
    },
    "lfoot": {
        "q": [
            0.9990482215818578,
            0.04361938736533594,
            -5.577336638722575e-09,
            -1.3967623413283478e-09
        ],
        "eul": [
            4.999999999999993,
            -6.339381342206628e-07,
            -1.3253132169133554e-07
        ]
    }
}